<?xml version="1.0" encoding="UTF-8"?>
<project-private xmlns="http://www.netbeans.org/ns/project-private/1">
    <editor-bookmarks xmlns="http://www.netbeans.org/ns/editor-bookmarks/2" lastBookmarkId="0"/>
    <open-files xmlns="http://www.netbeans.org/ns/projectui-open-files/2">
        <group>
            <file>file:/C:/Users/otro3/OneDrive/Documentos/NetBeansProjects/Examen02.pregunta3/src/examen02/pregunta3/Examen02Pregunta3.java</file>
            <file>file:/C:/Users/otro3/OneDrive/Documentos/NetBeansProjects/Examen02.pregunta3/src/modelo/Mensaje.java</file>
            <file>file:/C:/Users/otro3/OneDrive/Documentos/NetBeansProjects/Examen02.pregunta3/src/modelo/MensajeSecreto.java</file>
            <file>file:/C:/Users/otro3/OneDrive/Documentos/NetBeansProjects/Examen02.pregunta3/src/modelo/MensajeProtegido.java</file>
        </group>
    </open-files>
</project-private>
