<?xml version="1.0" encoding="UTF-8"?>
<project-private xmlns="http://www.netbeans.org/ns/project-private/1">
    <editor-bookmarks xmlns="http://www.netbeans.org/ns/editor-bookmarks/2" lastBookmarkId="0"/>
    <open-files xmlns="http://www.netbeans.org/ns/projectui-open-files/2">
        <group>
            <file>file:/C:/Users/otro3/OneDrive/Documentos/NetBeansProjects/Examen02.pregunta2/src/modelo/Producto.java</file>
            <file>file:/C:/Users/otro3/OneDrive/Documentos/NetBeansProjects/Examen02.pregunta2/src/modelo/PlanAhorro.java</file>
            <file>file:/C:/Users/otro3/OneDrive/Documentos/NetBeansProjects/Examen02.pregunta2/src/modelo/EducacionSegura.java</file>
            <file>file:/C:/Users/otro3/OneDrive/Documentos/NetBeansProjects/Examen02.pregunta2/src/examen02/pregunta2/Examen02Pregunta2.java</file>
        </group>
    </open-files>
</project-private>
