<?xml version="1.0" encoding="UTF-8"?>
<project-private xmlns="http://www.netbeans.org/ns/project-private/1">
    <editor-bookmarks xmlns="http://www.netbeans.org/ns/editor-bookmarks/2" lastBookmarkId="0"/>
    <open-files xmlns="http://www.netbeans.org/ns/projectui-open-files/2">
        <group>
            <file>file:/C:/Users/otro3/OneDrive/Documentos/NetBeansProjects/UI.RegistroDeRutas/src/com/ulima/registroderutas/modelo/Usuario.java</file>
            <file>file:/C:/Users/otro3/OneDrive/Documentos/NetBeansProjects/UI.RegistroDeRutas/src/com/ulima/registroderutas/modelo/Provincia.java</file>
            <file>file:/C:/Users/otro3/OneDrive/Documentos/NetBeansProjects/UI.RegistroDeRutas/src/com/ulima/registroderutas/controlador/GestionRutas.java</file>
            <file>file:/C:/Users/otro3/OneDrive/Documentos/NetBeansProjects/UI.RegistroDeRutas/src/com/ulima/registroderutas/ui/FrmLogin.java</file>
            <file>file:/C:/Users/otro3/OneDrive/Documentos/NetBeansProjects/UI.RegistroDeRutas/src/com/ulima/registroderutas/ui/FrmRutas.java</file>
            <file>file:/C:/Users/otro3/OneDrive/Documentos/NetBeansProjects/UI.RegistroDeRutas/src/com/ulima/registroderutas/controlador/GestionUsuario.java</file>
            <file>file:/C:/Users/otro3/OneDrive/Documentos/NetBeansProjects/UI.RegistroDeRutas/src/com/ulima/registroderutas/modelo/Ruta.java</file>
            <file>file:/C:/Users/otro3/OneDrive/Documentos/NetBeansProjects/UI.RegistroDeRutas/src/com/ulima/registroderutas/prueba/Main.java</file>
        </group>
    </open-files>
</project-private>
