<?xml version="1.0" encoding="UTF-8"?>
<project-private xmlns="http://www.netbeans.org/ns/project-private/1">
    <editor-bookmarks xmlns="http://www.netbeans.org/ns/editor-bookmarks/2" lastBookmarkId="0"/>
    <open-files xmlns="http://www.netbeans.org/ns/projectui-open-files/2">
        <group>
            <file>file:/C:/Users/otro3/OneDrive/Documentos/NetBeansProjects/SalarioDeEmpleados/src/salariodeempleados/SalarioDeEmpleados.java</file>
            <file>file:/C:/Users/otro3/OneDrive/Documentos/NetBeansProjects/SalarioDeEmpleados/src/salariodeempleados/clases/Empleado.java</file>
            <file>file:/C:/Users/otro3/OneDrive/Documentos/NetBeansProjects/SalarioDeEmpleados/src/salariodeempleados/gestion/GestionEmpleado.java</file>
        </group>
    </open-files>
</project-private>
