<?xml version="1.0" encoding="UTF-8"?>
<project-private xmlns="http://www.netbeans.org/ns/project-private/1">
    <editor-bookmarks xmlns="http://www.netbeans.org/ns/editor-bookmarks/2" lastBookmarkId="0"/>
    <open-files xmlns="http://www.netbeans.org/ns/projectui-open-files/2">
        <group>
            <file>file:/C:/Giancarlo/11.%20Jefatura%20Práctica/2023-1/POO/Ejercicio%20Herencia/ProyCINEPLUS/ProyCINEPLUS/src/proycineplus/ClienteEstandar.java</file>
            <file>file:/C:/Giancarlo/11.%20Jefatura%20Práctica/2023-1/POO/Ejercicio%20Herencia/ProyCINEPLUS/ProyCINEPLUS/src/proycineplus/Cliente.java</file>
            <file>file:/C:/Giancarlo/11.%20Jefatura%20Práctica/2023-1/POO/Ejercicio%20Herencia/ProyCINEPLUS/ProyCINEPLUS/src/proycineplus/ProyCINEPLUS.java</file>
            <file>file:/C:/Giancarlo/11.%20Jefatura%20Práctica/2023-1/POO/Ejercicio%20Herencia/ProyCINEPLUS/ProyCINEPLUS/src/proycineplus/ClientePreferente.java</file>
            <file>file:/C:/Giancarlo/11.%20Jefatura%20Práctica/2023-1/POO/Ejercicio%20Herencia/ProyCINEPLUS/ProyCINEPLUS/src/proycineplus/ClienteCorporativo.java</file>
        </group>
    </open-files>
</project-private>
