<?xml version="1.0" encoding="UTF-8"?>
<project-private xmlns="http://www.netbeans.org/ns/project-private/1">
    <editor-bookmarks xmlns="http://www.netbeans.org/ns/editor-bookmarks/2" lastBookmarkId="0"/>
    <open-files xmlns="http://www.netbeans.org/ns/projectui-open-files/2">
        <group>
            <file>file:/C:/Users/otro3/OneDrive/Documentos/NetBeansProjects/ProyectoPagoSueldoEmpleados/src/proyectopagosueldoempleados/ProyectoPagoSueldoEmpleados.java</file>
            <file>file:/C:/Users/otro3/OneDrive/Documentos/NetBeansProjects/ProyectoPagoSueldoEmpleados/src/modelo/Programador.java</file>
            <file>file:/C:/Users/otro3/OneDrive/Documentos/NetBeansProjects/ProyectoPagoSueldoEmpleados/src/modelo/Empleado.java</file>
            <file>file:/C:/Users/otro3/OneDrive/Documentos/NetBeansProjects/ProyectoPagoSueldoEmpleados/src/modelo/Administrativo.java</file>
            <file>file:/C:/Users/otro3/OneDrive/Documentos/NetBeansProjects/ProyectoPagoSueldoEmpleados/src/modelo/Electronico.java</file>
        </group>
    </open-files>
</project-private>
