<?xml version="1.0" encoding="UTF-8"?>
<project-private xmlns="http://www.netbeans.org/ns/project-private/1">
    <editor-bookmarks xmlns="http://www.netbeans.org/ns/editor-bookmarks/2" lastBookmarkId="0"/>
    <open-files xmlns="http://www.netbeans.org/ns/projectui-open-files/2">
        <group>
            <file>file:/C:/Users/l33229/Desktop/EXAMEN%20FINAL/Pregunta_1/src/pregunta_1/Bebida.java</file>
            <file>file:/C:/Users/l33229/Desktop/EXAMEN%20FINAL/Pregunta_1/src/pregunta_1/Postre.java</file>
            <file>file:/C:/Users/l33229/Desktop/EXAMEN%20FINAL/Pregunta_1/src/pregunta_1/Producto.java</file>
            <file>file:/C:/Users/l33229/Desktop/EXAMEN%20FINAL/Pregunta_1/src/pregunta_1/main.java</file>
            <file>file:/C:/Users/l33229/Desktop/EXAMEN%20FINAL/Pregunta_1/src/pregunta_1/Sandwich.java</file>
            <file>file:/C:/Users/l33229/Desktop/EXAMEN%20FINAL/Pregunta_1/src/pregunta_1/Restaurante.java</file>
            <file>file:/C:/Users/l33229/Desktop/EXAMEN%20FINAL/Pregunta_1/src/pregunta_1/Pedido.java</file>
        </group>
    </open-files>
</project-private>
