<?xml version="1.0" encoding="UTF-8"?>
<project-private xmlns="http://www.netbeans.org/ns/project-private/1">
    <editor-bookmarks xmlns="http://www.netbeans.org/ns/editor-bookmarks/2" lastBookmarkId="0"/>
    <open-files xmlns="http://www.netbeans.org/ns/projectui-open-files/2">
        <group>
            <file>file:/C:/Users/o22215/Desktop/Ex2/nota_2_extra/src/nota_2_extra/Pila.java</file>
            <file>file:/C:/Users/o22215/Desktop/Ex2/nota_2_extra/src/nota_2_extra/Nodo.java</file>
            <file>file:/C:/Users/o22215/Desktop/Ex2/nota_2_extra/src/nota_2_extra/Nota_2_extra.java</file>
        </group>
    </open-files>
</project-private>
