<?xml version="1.0" encoding="UTF-8"?>
<project-private xmlns="http://www.netbeans.org/ns/project-private/1">
    <editor-bookmarks xmlns="http://www.netbeans.org/ns/editor-bookmarks/2" lastBookmarkId="0"/>
    <open-files xmlns="http://www.netbeans.org/ns/projectui-open-files/2">
        <group>
            <file>file:/C:/Users/profl3302/Documents/NetBeansProjects/MantenimientoDeProfesores(1)/MantenimientoDeProfesores/src/com/ulima/profesores/modelo/Grado.java</file>
            <file>file:/C:/Users/profl3302/Documents/NetBeansProjects/MantenimientoDeProfesores(1)/MantenimientoDeProfesores/src/com/ulima/profesores/modelo/Categoria.java</file>
            <file>file:/C:/Users/profl3302/Documents/NetBeansProjects/MantenimientoDeProfesores(1)/MantenimientoDeProfesores/src/mantenimientodeprofesores/MantenimientoDeProfesores.java</file>
            <file>file:/C:/Users/profl3302/Documents/NetBeansProjects/MantenimientoDeProfesores(1)/MantenimientoDeProfesores/src/com/ulima/profesores/controlador/GestionProfesor.java</file>
            <file>file:/C:/Users/profl3302/Documents/NetBeansProjects/MantenimientoDeProfesores(1)/MantenimientoDeProfesores/src/com/ulima/profesores/ui/MantenimientoDeProfesoresVista.java</file>
            <file>file:/C:/Users/profl3302/Documents/NetBeansProjects/MantenimientoDeProfesores(1)/MantenimientoDeProfesores/src/com/ulima/profesores/modelo/Profesor.java</file>
        </group>
    </open-files>
</project-private>
